{
  "$schema": "./node_modules/nx/schemas/nx-schema.json",
  "tasksRunnerOptions": {
    "default": {
      "runner": "nx/tasks-runners/default",
      "options": {
        "cacheableOperations": ["build", "lint", "test"]
      }
    }
  },
  "targetDefaults": {
    "build": {
      "dependsOn": ["^build"],
      "outputs": ["{projectRoot}/dist"]
    },
    "mainBuild": {
      "dependsOn": ["subgraph-query:build"]
    },
    "lint": {
      "dependsOn": ["^lint"],
      "inputs": [
        "default",
        "{workspaceRoot}/.eslintrc.json",
        "{workspaceRoot}/.eslintignore",
        "{workspaceRoot}/eslint.config.js"
      ]
    },
    "test": {
      "inputs": ["default", "^default", "{workspaceRoot}/jest.preset.js"]
    },
    "@nx/js:tsc": {
      "cache": true,
      "dependsOn": ["^build"],
      "inputs": ["default", "^default"]
    }
  },
  "affected": {
    "defaultBase": "main"
  },
  "plugins": [
    {
      "plugin": "@nx/eslint/plugin",
      "options": {
        "targetName": "lint"
      }
    }
  ]
}
