{
  "AccessManager": {
    "address": "0xCA05495e029a1077d11550cec0EE955260dCbA36",
    "startBlock": 1
  },
  "TriggerManager": {
    "address": "0xB80934d162288CA21b78ad98bA77A3522fb71B5E",
    "startBlock": 1
  },
  "RahatDonor": {
    "address": "0x28EC7328B73c6cdaC2989086B963B5fEebf0c4aC",
    "startBlock": 1
  },
  "ERC2771Forwarder": {
    "address": "0x0451d5a3f7633033Ab3D1e08481849326Ed3A1B0",
    "startBlock": 1
  },
  "RahatToken": {
    "address": "0x3e38255f29283A323b5E4231BeD1D7fce82190F0",
    "startBlock": 1
  },
  "AAProject": {
    "address": "0x2531e984Ef2Bcc0634769699090D06D811F1fbf4",
    "startBlock": 1
  }
}