{
  "AccessManager": {
    "address": "0xF1832A7dEbC78F427Fe1428fD55D54094841067E",
    "startBlock": 1
  },
  "TriggerManager": {
    "address": "0x1F9aa83c759d4306F7a02e339E882a78B04B1539",
    "startBlock": 1
  },
  "RahatDonor": {
    "address": "0x556Bdd7601C06B89F4ac73f8f98228F3A59286f8",
    "startBlock": 1
  },
  "ERC2771Forwarder": {
    "address": "0xBb514e5B1BC19f04a10039e8cf35701B83B59043",
    "startBlock": 1
  },
  "RahatToken": {
    "address": "0x5640D109C3c98Ac223940dF66823cC161Da3bf00",
    "startBlock": 1
  },
  "AAProject": {
    "address": "0xd8E232E4EbC347F3360bF57F8E1b81Cb4Eb79294",
    "startBlock": 1
  }
}