{
  "AccessManager": {
    "address": "0x48a91Bc69B811B41cc90D508DCb1F77dcd0Db184",
    "startBlock": 1
  },
  "TriggerManager": {
    "address": "0xA23fbBAAa8e784f43Fc7EF336D0Cf60F4D47ec20",
    "startBlock": 1
  },
  "RahatDonor": {
    "address": "0x33032DE662867F17922EB5e2eA0092b257CDEDC1",
    "startBlock": 1
  },
  "ERC2771Forwarder": {
    "address": "0xDBbfdD73411D405fe8FffB137a6D2391Ce2a67A8",
    "startBlock": 1
  },
  "RahatToken": {
    "address": "0x966Cb560771D709B2BB54cAadD42F2D08EB86473",
    "startBlock": 1
  },
  "AAProject": {
    "address": "0x7C252a67869Cf738763BCAd6f2232ee288df274C",
    "startBlock": 1
  }
}